sequence,target,amplicon,bc_set
TATCTTCAACCTAGGACTTTTCTATT,SARS-CoV-2,S2,N1_S2_RPP30
CGCAGAGCCTTCAGGTCAGAACCCGC,RPP30,RPP30,N1_S2_RPP30
ATAGAACAACCTAGGACTTTTCTATT,spike,S2_spike,N1_S2_RPP30
TGGTTTCGTAATGCGGGGTGCATTTC,spike,N1_spike,N1_S2_RPP30
ACCAAACGTAATGCGGGGTGCATTTC,SARS-CoV-2,N1,N1_S2_RPP30
TATCTTCAACCTAGGACTTTTCTATT,SARS-CoV-2,S2,S2_RPP30_no-contam
CGCAGAGCCTTCAGGTCAGAACCCGC,RPP30,RPP30,S2_RPP30_no-contam
ATAGAACAACCTAGGACTTTTCTATT,spike,S2_spike,S2_RPP30_no-contam
ACCAAACGTAATGCGGGGTGCATTTC,SARS-CoV-2,N1,N1_RPP30_no-contam
TGGTTTCGTAATGCGGGGTGCATTTC,spike,N1_spike,N1_RPP30_no-contam
CGCAGAGCCTTCAGGTCAGAACCCGC,RPP30,RPP30,N1_RPP30_no-contam
TATCTTCAACCTAGGACTTTTCTATT,SARS-CoV-2,S2,div_spike
TGGTTTCGTAATGCGGGGTGCATTTC,spike,N1_spike,div_spike
ACCAAACGTAATGCGGGGTGCATTTC,SARS-CoV-2,N1,div_spike
CGCAGAGCCTTCAGGTCAGAACCCGC,RPP30,RPP30,div_spike
ATAGAACAACCTAGGACTTTTCTATT,spike,S2_spike,div_spike
TGGACTACCTAGGACTGCGCGACTAA,spike,S2_spike_005,div_spike
CACCTCGTAGGACTTCTGAAATAGCC,spike,S2_spike_006,div_spike
GCTTGGTGGATCTCAGAACGCGGCGG,spike,S2_spike_007,div_spike
GTGTATCTCACGAAGCGACCCTTTGG,spike,S2_spike_001,div_spike
CCTCGCTAGGACGTCGCTATGACGCC,spike,S2_spike_002,div_spike
AGCACGACTTGATCTAACTGACACTA,spike,S2_spike_003,div_spike
TAAGTAGGACTTCGATTGGATGGAAT,spike,S2_spike_004,div_spike
TATCTTCAACCTAGGACTTTTCTATT,SARS-CoV-2,S2,S2_RPP30
CGCAGAGCCTTCAGGTCAGAACCCGC,RPP30,RPP30,S2_RPP30
ATAGAACAACCTAGGACTTTTCTATT,spike,S2_spike,S2_RPP30
TATCTTCAACCTAGGACTTTTCTATT,SARS-CoV-2,S2,flu_cov
CGCAGAGCCTTCAGGTCAGAACCCGC,RPP30,RPP30,flu_cov
ATAGAACAACCTAGGACTTTTCTATT,spike,S2_spike,flu_cov
TGGACTACCTAGGACTGCGCGACTAA,spike,S2_spike_005,flu_cov
CACCTCGTAGGACTTCTGAAATAGCC,spike,S2_spike_006,flu_cov
GCTTGGTGGATCTCAGAACGCGGCGG,spike,S2_spike_007,flu_cov
GTGTATCTCACGAAGCGACCCTTTGG,spike,S2_spike_001,flu_cov
CCTCGCTAGGACGTCGCTATGACGCC,spike,S2_spike_002,flu_cov
AGCACGACTTGATCTAACTGACACTA,spike,S2_spike_003,flu_cov
TAAGTAGGACTTCGATTGGATGGAAT,spike,S2_spike_004,flu_cov
AATTTTAGGATTTGTGTTCACGCTCA,FluA_5_H1N1_A/CA/07/2009,FluA_5_H1N1_A/CA/07/2009,flu_cov
TTGAATGGAATGGTAACACGGTTCGA,FluA_12_H1N1_A/CA/07/2009,FluA_12_H1N1_A/CA/07/2009,flu_cov
TTCGAGCGTCTTAATGAAGGACATTC,FluB_11_B/Utah/09/2004,FluB_11_B/Utah/09/2004,flu_cov
TGGTTTCGTAATGCGGGGTGCATTTC,spike,N1_spike,flu_cov
ACCAAACGTAATGCGGGGTGCATTTC,SARS-CoV-2,N1,flu_cov